[
    { "name": "Pediatrics", "image": "https://www.imh.ae/wp-content/uploads/2023/04/shutterstock_2140324335-min-scaled.jpg" },
    { "name": "Dermatology", "image": "https://www.imh.ae/wp-content/uploads/2023/04/beautician-doctor-is-examining-woman-s-face-with-s-2022-12-16-21-42-38-utc-min-scaled.jpg" },
    { "name": "BariatricSurgery ", "image": "https://www.imh.ae/wp-content/uploads/2023/04/female-surgeon-and-assistant-professional-surgery-2021-08-29-09-30-16-utc-min-scaled.jpg" },
    { "name": "Cardiology", "image": "https://www.imh.ae/wp-content/uploads/2023/04/cardiology-min-scaled.jpg" },
    { "name": "Dental", "image": "https://www.imh.ae/wp-content/uploads/2023/04/dental-min-scaled.jpg" },
    { "name": "ENT", "image": "https://www.imh.ae/wp-content/uploads/2023/04/ent-min-scaled.jpg" },
    { "name": "Endocrinology", "image": "https://www.imh.ae/wp-content/uploads/2023/04/endocrinology-min-scaled.jpg" }

  ]
  